Gebieden,onderwerpen,2003,2004,2005,2006,2007,2008,2009,2010,2011,2012
Antwerpen,Aantal leerlingen basisonderwijs,17754,17968,18197,18518,18596,19071,18880,20051,20684,21412
Antwerpen,Aandeel inwoners dat basisonderwijs volgt,10.6136601,10.7200601,10.7289836,10.8294298,10.7503758,10.9098086,10.6247081,11.2270152,11.3341955,11.2355306
Antwerpen,Aantal leerlingen basisonderwijs - jongens,8903,9004,9091,9225,9259,9414,9254,9847,10243,10610
Antwerpen,Aantal leerlingen basisonderwijs - meisjes,8851,8964,9106,9293,9337,9657,9626,10204,10441,10802
Antwerpen,Aantal leerlingen basisonderwijs - school buiten Antwerpen,662,621,627,663,677,657,568,638,659,679
Antwerpen,Aantal leerlingen basisonderwijs - school binnen Antwerpen,17092,17347,17570,17855,17919,18414,18312,19413,20025,20733
Antwerpen,Leerlingen basisonderwijs - percentage jongens,50.1464459,50.111309,49.9587844,49.8163949,49.7902775,49.362907,49.0148305,49.1097701,49.5213692,49.5516533
Antwerpen,Leerlingen basisonderwijs - percentage meisjes,49.8535541,49.888691,50.0412156,50.1836051,50.2097225,50.637093,50.9851695,50.8902299,50.4786308,50.4483467
Antwerpen,Leerlingen basisonderwijs - percentage school buiten Antwerpen,3.7287372,3.4561443,3.4456229,3.5803002,3.6405679,3.4450212,3.0084746,3.1818862,3.1860375,3.171119
Antwerpen,Leerlingen basisonderwijs - percentage school binnen Antwerpen,96.2712628,96.5438557,96.5543771,96.4196998,96.3594321,96.5549788,96.9915254,96.8181138,96.8139625,96.828881
Antwerpen,Aantal leerlingen gewoon kleuteronderwijs,6864,6948,7081,7365,7408,7775,7795,8429,8755,8978
Antwerpen,Aantal leerlingen buitengewoon kleuteronderwijs,68,67,82,78,70,78,75,68,58,72
Antwerpen,Aantal leerlingen kleuteronderwijs totaal,6932,7015,7163,7443,7478,7853,7870,8497,8813,9050
Antwerpen,Leerlingen basisonderwijs - percentage gewoon kleuteronderwijs,38.66171,38.6687444,38.9130076,39.7721136,39.836524,40.7687064,41.2870763,42.0378036,42.3274028,41.929759
Antwerpen,Leerlingen basisonderwijs - percentage buitengewoon kleuteronderwijs,0.3830123,0.3728851,0.4506237,0.4212118,0.376425,0.408998,0.3972458,0.3391352,0.28041,0.33626
Antwerpen,Leerlingen basisonderwijs - percentage kleuteronderwijs totaal,39.0447223,39.0416296,39.3636314,40.1933254,40.212949,41.1777044,41.684322,42.3769388,42.6078128,42.2660191
Antwerpen,Aantal leerlingen gewoon lager onderwijs,9918,10078,10153,10191,10239,10354,10139,10659,10966,11453
Antwerpen,Aantal leerlingen buitengewoon lager onderwijs,904,875,881,884,879,864,871,895,905,909
Antwerpen,Aantal leerlingen lager onderwijs totaal,10822,10953,11034,11075,11118,11218,11010,11554,11871,12362
Antwerpen,Leerlingen basisonderwijs - percentage gewoon lager onderwijs,55.8634674,56.088602,55.7949112,55.0329409,55.060228,54.2918567,53.7023305,53.1594434,53.0168246,53.4886979
Antwerpen,Leerlingen basisonderwijs - percentage buitengewoon lager onderwijs,5.0918103,4.8697685,4.8414574,4.7737337,4.726823,4.5304389,4.6133475,4.4636178,4.3753626,4.245283
Antwerpen,Leerlingen basisonderwijs - percentage lager onderwijs totaal,60.9552777,60.9583704,60.6363686,59.8066746,59.787051,58.8222956,58.315678,57.6230612,57.3921872,57.7339809
Antwerpen,Aantal leerlingen gewoon lager onderwijs zonder schoolse vertraging,6410,6490,6557,6371,6444,6565,6484,6796,7021,7487
Antwerpen,Aantal leerlingen gewoon lager onderwijs met 1 jaar schoolse vertraging,2561,2600,2536,2483,2436,2443,2344,2465,2505,2571
Antwerpen,Aantal leerlingen gewoon lager onderwijs met meer dan 1 jaar schoolse vertraging,756,787,742,673,660,656,650,682,686,665
Antwerpen,Aantal leerlingen gewoon lager onderwijs met schoolse vertraging,3317,3387,3278,3156,3096,3099,2994,3147,3191,3236
Antwerpen,Percentage leerlingen gewoon lager onderwijs zonder schoolse vertraging,65.8990439,65.708211,66.6700559,66.8730975,67.5471698,67.9325331,68.4110572,68.3495927,68.7524481,69.8218782
Antwerpen,Percentage leerlingen gewoon lager onderwijs met 1 jaar schoolse vertraging,26.3287756,26.3237825,25.7854601,26.062769,25.5345912,25.2793874,24.7309559,24.7913105,24.5299647,23.9764991
Antwerpen,Percentage leerlingen gewoon lager onderwijs met meer dan 1 jaar schoolse vertraging,7.7721805,7.9680065,7.544484,7.0641335,6.918239,6.7880795,6.8579869,6.8590969,6.7175872,6.2016227
Antwerpen,Percentage leerlingen gewoon lager onderwijs met schoolse vertraging,34.1009561,34.291789,33.3299441,33.1269025,32.4528302,32.0674669,31.5889428,31.6504073,31.2475519,30.1781218
Antwerpen,Aandeel GOK-leerlingen basisonderwijs,0,0,0,0,0,0,0,0,0,0
Antwerpen,Aandeel indicator-leerlingen,0,0,0,0,0,0,0,0,0,65.67471
Antwerpen,Aandeel met thuistaal niet Nederlands,0,0,0,0,0,0,0,0,0,53.0076844
Antwerpen,Aandeel met laag opgeleide moeder,0,0,0,0,0,0,0,0,0,50.4282708
Antwerpen,Aandeel thuisloze leerlingen,0,0,0,0,0,0,0,0,0,0.3377221
Antwerpen,Aandeel leerlingen trekkende bevolking,0,0,0,0,0,0,0,0,0,1.3019431
Antwerpen,Aandeel leerlingen met schooltoelage,0,0,0,0,0,0,0,0,0,45.2939161
Antwerpen,Aantal GOK-leerlingen basisonderwijs,0,0,0,0,0,0,0,0,0,0
Antwerpen,Aantal indicator-leerlingen basisonderwijs,0,0,0,0,0,0,0,0,0,13418
Antwerpen,Aantal leerlingen met thuistaal niet Nederlands,0,0,0,0,0,0,0,0,0,10830
Antwerpen,Aantal leerlingen met laag opgeleide moeder,0,0,0,0,0,0,0,0,0,10303
Antwerpen,Aantal thuisloze leerlingen,0,0,0,0,0,0,0,0,0,69
Antwerpen,Aantal leerlingen uit trekkende bevolking,0,0,0,0,0,0,0,0,0,266
Antwerpen,Aantal leerlingen met schooltoelage,0,0,0,0,0,0,0,0,0,9254
Antwerpen,Aantal leerlingen basisonderwijs (GOK-telling),0,0,0,0,0,0,0,0,0,20431
Berendrecht Zandvliet Lillo,Aantal leerlingen basisonderwijs,1207,1159,1135,1122,1105,1075,1101,1119,1142,1141
Berendrecht Zandvliet Lillo,Aandeel inwoners dat basisonderwijs volgt,12.5181498,12.1259678,11.8401836,11.7425432,11.5356509,11.1549237,11.354027,11.5194565,11.6637729,11.6144137
Berendrecht Zandvliet Lillo,Aantal leerlingen basisonderwijs - jongens,603,590,572,552,531,530,540,552,566,585
Berendrecht Zandvliet Lillo,Aantal leerlingen basisonderwijs - meisjes,604,569,563,570,574,545,561,567,576,556
Berendrecht Zandvliet Lillo,Aantal leerlingen basisonderwijs - school buiten Antwerpen,229,219,223,207,215,194,179,186,204,208
Berendrecht Zandvliet Lillo,Aantal leerlingen basisonderwijs - school binnen Antwerpen,978,940,912,915,890,881,922,933,938,933
Berendrecht Zandvliet Lillo,Leerlingen basisonderwijs - percentage jongens,49.958575,50.9059534,50.3964758,49.197861,48.0542986,49.3023256,49.0463215,49.3297587,49.5621716,51.2708151
Berendrecht Zandvliet Lillo,Leerlingen basisonderwijs - percentage meisjes,50.041425,49.0940466,49.6035242,50.802139,51.9457014,50.6976744,50.9536785,50.6702413,50.4378284,48.7291849
Berendrecht Zandvliet Lillo,Leerlingen basisonderwijs - percentage school buiten Antwerpen,18.9726595,18.8955997,19.6475771,18.4491979,19.4570136,18.0465116,16.2579473,16.6219839,17.8633975,18.2296231
Berendrecht Zandvliet Lillo,Leerlingen basisonderwijs - percentage school binnen Antwerpen,81.0273405,81.1044003,80.3524229,81.5508021,80.5429864,81.9534884,83.7420527,83.3780161,82.1366025,81.7703769
Berendrecht Zandvliet Lillo,Aantal leerlingen gewoon kleuteronderwijs,417,401,384,371,355,362,414,448,444,450
Berendrecht Zandvliet Lillo,Aantal leerlingen buitengewoon kleuteronderwijs,5,0,0,5,10,8,0,0,0,0
Berendrecht Zandvliet Lillo,Aantal leerlingen kleuteronderwijs totaal,422,404,386,376,365,370,418,452,447,452
Berendrecht Zandvliet Lillo,Leerlingen basisonderwijs - percentage gewoon kleuteronderwijs,34.5484673,34.5987921,33.8325991,33.0659537,32.1266968,33.6744186,37.6021798,40.0357462,38.8791594,39.4390885
Berendrecht Zandvliet Lillo,Leerlingen basisonderwijs - percentage buitengewoon kleuteronderwijs,0.4142502,0.2588438,0.1762115,0.4456328,0.9049774,0.744186,0.3633061,0.357462,0.262697,0.1752848
Berendrecht Zandvliet Lillo,Leerlingen basisonderwijs - percentage kleuteronderwijs totaal,34.9627175,34.8576359,34.0088106,33.5115865,33.0316742,34.4186047,37.9654859,40.3932082,39.1418564,39.6143734
Berendrecht Zandvliet Lillo,Aantal leerlingen gewoon lager onderwijs,688,669,675,689,681,653,626,615,640,634
Berendrecht Zandvliet Lillo,Aantal leerlingen buitengewoon lager onderwijs,97,86,74,57,59,52,57,52,55,55
Berendrecht Zandvliet Lillo,Aantal leerlingen lager onderwijs totaal,785,755,749,746,740,705,683,667,695,689
Berendrecht Zandvliet Lillo,Leerlingen basisonderwijs - percentage gewoon lager onderwijs,57.0008285,57.7221743,59.4713656,61.4081996,61.6289593,60.744186,56.8574024,54.9597855,56.0420315,55.5652936
Berendrecht Zandvliet Lillo,Leerlingen basisonderwijs - percentage buitengewoon lager onderwijs,8.036454,7.4201898,6.5198238,5.0802139,5.3393665,4.8372093,5.1771117,4.6470063,4.8161121,4.820333
Berendrecht Zandvliet Lillo,Leerlingen basisonderwijs - percentage lager onderwijs totaal,65.0372825,65.1423641,65.9911894,66.4884135,66.9683258,65.5813953,62.0345141,59.6067918,60.8581436,60.3856266
Berendrecht Zandvliet Lillo,Aantal leerlingen gewoon lager onderwijs zonder schoolse vertraging,536,524,518,525,520,514,498,508,519,529
Berendrecht Zandvliet Lillo,Aantal leerlingen gewoon lager onderwijs met 1 jaar schoolse vertraging,135,130,138,144,140,119,115,98,105,94
Berendrecht Zandvliet Lillo,Aantal leerlingen gewoon lager onderwijs met meer dan 1 jaar schoolse vertraging,15,15,18,20,15,16,10,7,13,7
Berendrecht Zandvliet Lillo,Aantal leerlingen gewoon lager onderwijs met schoolse vertraging,150,145,156,164,155,135,125,105,118,101
Berendrecht Zandvliet Lillo,Percentage leerlingen gewoon lager onderwijs zonder schoolse vertraging,78.1341108,78.3258595,76.8545994,76.1973875,77.037037,79.1987673,79.9357945,82.8711256,81.4756672,83.968254
Berendrecht Zandvliet Lillo,Percentage leerlingen gewoon lager onderwijs met 1 jaar schoolse vertraging,19.6793003,19.431988,20.4747774,20.8998549,20.7407407,18.3359014,18.459069,15.9869494,16.4835165,14.9206349
Berendrecht Zandvliet Lillo,Percentage leerlingen gewoon lager onderwijs met meer dan 1 jaar schoolse vertraging,2.1865889,2.2421525,2.6706231,2.9027576,2.2222222,2.4653313,1.6051364,1.141925,2.0408163,1.1111111
Berendrecht Zandvliet Lillo,Percentage leerlingen gewoon lager onderwijs met schoolse vertraging,21.8658892,21.6741405,23.1454006,23.8026125,22.962963,20.8012327,20.0642055,17.1288744,18.5243328,16.031746
Berendrecht Zandvliet Lillo,Aandeel GOK-leerlingen basisonderwijs,0,0,0,0,0,0,0,0,0,0
Berendrecht Zandvliet Lillo,Aandeel indicator-leerlingen,0,0,0,0,0,0,0,0,0,36.5313653
Berendrecht Zandvliet Lillo,Aandeel met thuistaal niet Nederlands,0,0,0,0,0,0,0,0,0,6.4575646
Berendrecht Zandvliet Lillo,Aandeel met laag opgeleide moeder,0,0,0,0,0,0,0,0,0,24.7232472
Berendrecht Zandvliet Lillo,Aandeel thuisloze leerlingen,0,0,0,0,0,0,0,0,0,0.5535055
Berendrecht Zandvliet Lillo,Aandeel leerlingen trekkende bevolking,0,0,0,0,0,0,0,0,0,0.4612546
Berendrecht Zandvliet Lillo,Aandeel leerlingen met schooltoelage,0,0,0,0,0,0,0,0,0,23.2472325
Berendrecht Zandvliet Lillo,Aantal GOK-leerlingen basisonderwijs,0,0,0,0,0,0,0,0,0,0
Berendrecht Zandvliet Lillo,Aantal indicator-leerlingen basisonderwijs,0,0,0,0,0,0,0,0,0,396
Berendrecht Zandvliet Lillo,Aantal leerlingen met thuistaal niet Nederlands,0,0,0,0,0,0,0,0,0,70
Berendrecht Zandvliet Lillo,Aantal leerlingen met laag opgeleide moeder,0,0,0,0,0,0,0,0,0,268
Berendrecht Zandvliet Lillo,Aantal thuisloze leerlingen,0,0,0,0,0,0,0,0,0,6
Berendrecht Zandvliet Lillo,Aantal leerlingen uit trekkende bevolking,0,0,0,0,0,0,0,0,0,5
Berendrecht Zandvliet Lillo,Aantal leerlingen met schooltoelage,0,0,0,0,0,0,0,0,0,252
Berendrecht Zandvliet Lillo,Aantal leerlingen basisonderwijs (GOK-telling),0,0,0,0,0,0,0,0,0,1084
Ekeren,Aantal leerlingen basisonderwijs,2693,2618,2598,2571,2519,2483,2450,2458,2470,2442
Ekeren,Aandeel inwoners dat basisonderwijs volgt,12.0632503,11.7283398,11.5966612,11.4236204,11.22499,11.0833371,10.8445467,10.833921,10.9330737,10.7943244
Ekeren,Aantal leerlingen basisonderwijs - jongens,1346,1313,1309,1327,1305,1289,1245,1244,1262,1264
Ekeren,Aantal leerlingen basisonderwijs - meisjes,1347,1305,1289,1244,1214,1194,1205,1214,1208,1178
Ekeren,Aantal leerlingen basisonderwijs - school buiten Antwerpen,575,566,565,561,565,574,563,591,623,609
Ekeren,Aantal leerlingen basisonderwijs - school binnen Antwerpen,2118,2052,2033,2010,1954,1909,1887,1867,1847,1833
Ekeren,Leerlingen basisonderwijs - percentage jongens,49.9814333,50.1527884,50.3849115,51.6141579,51.8062723,51.9130085,50.8163265,50.6102522,51.0931174,51.7608518
Ekeren,Leerlingen basisonderwijs - percentage meisjes,50.0185667,49.8472116,49.6150885,48.3858421,48.1937277,48.0869915,49.1836735,49.3897478,48.9068826,48.2391482
Ekeren,Leerlingen basisonderwijs - percentage school buiten Antwerpen,21.3516524,21.6195569,21.7474981,21.8203034,22.4295355,23.1171969,22.9795918,24.0439382,25.2226721,24.9385749
Ekeren,Leerlingen basisonderwijs - percentage school binnen Antwerpen,78.6483476,78.3804431,78.2525019,78.1796966,77.5704645,76.8828031,77.0204082,75.9560618,74.7773279,75.0614251
Ekeren,Aantal leerlingen gewoon kleuteronderwijs,976,943,923,893,873,887,889,912,916,913
Ekeren,Aantal leerlingen buitengewoon kleuteronderwijs,6,5,5,0,6,5,5,5,7,8
Ekeren,Aantal leerlingen kleuteronderwijs totaal,982,948,928,896,879,892,894,917,923,921
Ekeren,Leerlingen basisonderwijs - percentage gewoon kleuteronderwijs,36.2421092,36.0198625,35.5273287,34.7335667,34.6566098,35.7229158,36.2857143,37.103336,37.0850202,37.3873874
Ekeren,Leerlingen basisonderwijs - percentage buitengewoon kleuteronderwijs,0.2227999,0.1909855,0.1924557,0.1166861,0.2381898,0.2013693,0.2040816,0.2034174,0.2834008,0.3276003
Ekeren,Leerlingen basisonderwijs - percentage kleuteronderwijs totaal,36.464909,36.210848,35.7197844,34.8502528,34.8947995,35.9242851,36.4897959,37.3067535,37.3684211,37.7149877
Ekeren,Aantal leerlingen gewoon lager onderwijs,1627,1583,1589,1591,1556,1495,1453,1435,1445,1425
Ekeren,Aantal leerlingen buitengewoon lager onderwijs,84,87,81,84,84,96,103,106,102,96
Ekeren,Aantal leerlingen lager onderwijs totaal,1711,1670,1670,1675,1640,1591,1556,1541,1547,1521
Ekeren,Leerlingen basisonderwijs - percentage gewoon lager onderwijs,60.4158931,60.4660046,61.1624326,61.882536,61.7705439,60.2094241,59.3061224,58.3807974,58.5020243,58.3538084
Ekeren,Leerlingen basisonderwijs - percentage buitengewoon lager onderwijs,3.1191979,3.3231474,3.1177829,3.2672112,3.3346566,3.8662908,4.2040816,4.3124491,4.1295547,3.9312039
Ekeren,Leerlingen basisonderwijs - percentage lager onderwijs totaal,63.535091,63.789152,64.2802156,65.1497472,65.1052005,64.0757149,63.5102041,62.6932465,62.6315789,62.2850123
Ekeren,Aantal leerlingen gewoon lager onderwijs zonder schoolse vertraging,1318,1307,1302,1298,1270,1220,1201,1170,1180,1170
Ekeren,Aantal leerlingen gewoon lager onderwijs met 1 jaar schoolse vertraging,196,174,178,193,194,180,167,175,175,182
Ekeren,Aantal leerlingen gewoon lager onderwijs met meer dan 1 jaar schoolse vertraging,28,20,22,19,15,22,20,22,17,18
Ekeren,Aantal leerlingen gewoon lager onderwijs met schoolse vertraging,224,194,200,212,209,202,187,197,192,200
Ekeren,Percentage leerlingen gewoon lager onderwijs zonder schoolse vertraging,85.4734112,87.0752831,86.6844208,85.9602649,85.8688303,85.7946554,86.5273775,85.5888808,86.0058309,85.4014599
Ekeren,Percentage leerlingen gewoon lager onderwijs met 1 jaar schoolse vertraging,12.7107652,11.5922718,11.8508655,12.781457,13.1169709,12.6582278,12.0317003,12.8017557,12.755102,13.2846715
Ekeren,Percentage leerlingen gewoon lager onderwijs met meer dan 1 jaar schoolse vertraging,1.8158236,1.332445,1.4647137,1.2582781,1.0141988,1.5471167,1.4409222,1.6093636,1.2390671,1.3138686
Ekeren,Percentage leerlingen gewoon lager onderwijs met schoolse vertraging,14.5265888,12.9247169,13.3155792,14.0397351,14.1311697,14.2053446,13.4726225,14.4111192,13.9941691,14.5985401
Ekeren,Aandeel GOK-leerlingen basisonderwijs,0,0,0,0,0,0,0,0,0,0
Ekeren,Aandeel indicator-leerlingen,0,0,0,0,0,0,0,0,0,26.7750214
Ekeren,Aandeel met thuistaal niet Nederlands,0,0,0,0,0,0,0,0,0,7.0573139
Ekeren,Aandeel met laag opgeleide moeder,0,0,0,0,0,0,0,0,0,14.9272883
Ekeren,Aandeel thuisloze leerlingen,0,0,0,0,0,0,0,0,0,0.1283148
Ekeren,Aandeel leerlingen trekkende bevolking,0,0,0,0,0,0,0,0,0,0.2994012
Ekeren,Aandeel leerlingen met schooltoelage,0,0,0,0,0,0,0,0,0,16.5953807
Ekeren,Aantal GOK-leerlingen basisonderwijs,0,0,0,0,0,0,0,0,0,0
Ekeren,Aantal indicator-leerlingen basisonderwijs,0,0,0,0,0,0,0,0,0,626
Ekeren,Aantal leerlingen met thuistaal niet Nederlands,0,0,0,0,0,0,0,0,0,165
Ekeren,Aantal leerlingen met laag opgeleide moeder,0,0,0,0,0,0,0,0,0,349
Ekeren,Aantal thuisloze leerlingen,0,0,0,0,0,0,0,0,0,0
Ekeren,Aantal leerlingen uit trekkende bevolking,0,0,0,0,0,0,0,0,0,7
Ekeren,Aantal leerlingen met schooltoelage,0,0,0,0,0,0,0,0,0,388
Ekeren,Aantal leerlingen basisonderwijs (GOK-telling),0,0,0,0,0,0,0,0,0,2338
Merksem,Aantal leerlingen basisonderwijs,4083,4090,4012,3946,3929,3969,4025,4149,4300,4515
Merksem,Aandeel inwoners dat basisonderwijs volgt,9.956351,9.9462562,9.7364461,9.5909389,9.5243867,9.5966923,9.6377176,9.9525043,10.2824075,10.6080541
Merksem,Aantal leerlingen basisonderwijs - jongens,2053,2079,2052,2036,2018,2025,2071,2116,2191,2299
Merksem,Aantal leerlingen basisonderwijs - meisjes,2030,2011,1960,1910,1911,1944,1954,2033,2109,2216
Merksem,Aantal leerlingen basisonderwijs - school buiten Antwerpen,426,438,411,393,402,418,407,459,496,531
Merksem,Aantal leerlingen basisonderwijs - school binnen Antwerpen,3657,3652,3601,3553,3527,3551,3618,3690,3804,3984
Merksem,Leerlingen basisonderwijs - percentage jongens,50.2816556,50.8312958,51.1465603,51.5965535,51.3616696,51.0204082,51.4534161,51.000241,50.9534884,50.9191584
Merksem,Leerlingen basisonderwijs - percentage meisjes,49.7183444,49.1687042,48.8534397,48.4034465,48.6383304,48.9795918,48.5465839,48.999759,49.0465116,49.0808416
Merksem,Leerlingen basisonderwijs - percentage school buiten Antwerpen,10.4335048,10.7090465,10.2442672,9.9594526,10.2316111,10.5316201,10.1118012,11.0629067,11.5348837,11.7607973
Merksem,Leerlingen basisonderwijs - percentage school binnen Antwerpen,89.5664952,89.2909535,89.7557328,90.0405474,89.7683889,89.4683799,89.8881988,88.9370933,88.4651163,88.2392027
Merksem,Aantal leerlingen gewoon kleuteronderwijs,1384,1438,1406,1389,1398,1490,1539,1614,1644,1759
Merksem,Aantal leerlingen buitengewoon kleuteronderwijs,11,13,8,14,13,19,23,29,27,23
Merksem,Aantal leerlingen kleuteronderwijs totaal,1395,1451,1414,1403,1411,1509,1562,1643,1671,1782
Merksem,Leerlingen basisonderwijs - percentage gewoon kleuteronderwijs,33.8966446,35.1589242,35.0448654,35.2002027,35.5815729,37.5409423,38.2360248,38.90094,38.2325581,38.9590255
Merksem,Leerlingen basisonderwijs - percentage buitengewoon kleuteronderwijs,0.2694097,0.3178484,0.1994018,0.3547897,0.330873,0.47871,0.5714286,0.6989636,0.627907,0.5094131
Merksem,Leerlingen basisonderwijs - percentage kleuteronderwijs totaal,34.1660544,35.4767726,35.2442672,35.5549924,35.9124459,38.0196523,38.8074534,39.5999036,38.8604651,39.4684385
Merksem,Aantal leerlingen gewoon lager onderwijs,2455,2413,2356,2301,2265,2190,2193,2223,2336,2431
Merksem,Aantal leerlingen buitengewoon lager onderwijs,233,226,242,242,253,270,270,283,293,302
Merksem,Aantal leerlingen lager onderwijs totaal,2688,2639,2598,2543,2518,2460,2463,2506,2629,2733
Merksem,Leerlingen basisonderwijs - percentage gewoon lager onderwijs,60.1273573,58.997555,58.7238285,58.3122149,57.6482566,55.1776266,54.484472,53.5791757,54.3255814,53.8427464
Merksem,Leerlingen basisonderwijs - percentage buitengewoon lager onderwijs,5.7065883,5.5256724,6.0319043,6.1327927,6.4392975,6.8027211,6.7080745,6.8209207,6.8139535,6.6888151
Merksem,Leerlingen basisonderwijs - percentage lager onderwijs totaal,65.8339456,64.5232274,64.7557328,64.4450076,64.0875541,61.9803477,61.1925466,60.4000964,61.1395349,60.5315615
Merksem,Aantal leerlingen gewoon lager onderwijs zonder schoolse vertraging,1887,1832,1782,1746,1708,1608,1593,1629,1686,1737
Merksem,Aantal leerlingen gewoon lager onderwijs met 1 jaar schoolse vertraging,456,470,468,452,463,483,491,485,545,584
Merksem,Aantal leerlingen gewoon lager onderwijs met meer dan 1 jaar schoolse vertraging,93,94,83,79,73,76,89,84,80,79
Merksem,Aantal leerlingen gewoon lager onderwijs met schoolse vertraging,549,564,551,531,536,559,580,569,625,663
Merksem,Percentage leerlingen gewoon lager onderwijs zonder schoolse vertraging,77.4630542,76.4607679,76.3823403,76.6798419,76.114082,74.2039686,73.3087897,74.1128298,72.9554305,72.375
Merksem,Percentage leerlingen gewoon lager onderwijs met 1 jaar schoolse vertraging,18.7192118,19.6160267,20.0600086,19.8506807,20.6327986,22.2888786,22.5954901,22.0655141,23.5828646,24.3333333
Merksem,Percentage leerlingen gewoon lager onderwijs met meer dan 1 jaar schoolse vertraging,3.817734,3.9232053,3.5576511,3.4694774,3.2531194,3.5071527,4.0957202,3.8216561,3.4617049,3.2916667
Merksem,Percentage leerlingen gewoon lager onderwijs met schoolse vertraging,22.5369458,23.5392321,23.6176597,23.3201581,23.885918,25.7960314,26.6912103,25.8871702,27.0445695,27.625
Merksem,Aandeel GOK-leerlingen basisonderwijs,0,0,0,0,0,0,0,0,0,0
Merksem,Aandeel indicator-leerlingen,0,0,0,0,0,0,0,0,0,54.4868735
Merksem,Aandeel met thuistaal niet Nederlands,0,0,0,0,0,0,0,0,0,28.3054893
Merksem,Aandeel met laag opgeleide moeder,0,0,0,0,0,0,0,0,0,39.4033413
Merksem,Aandeel thuisloze leerlingen,0,0,0,0,0,0,0,0,0,0.3102625
Merksem,Aandeel leerlingen trekkende bevolking,0,0,0,0,0,0,0,0,0,3.8424821
Merksem,Aandeel leerlingen met schooltoelage,0,0,0,0,0,0,0,0,0,35.2983294
Merksem,Aantal GOK-leerlingen basisonderwijs,0,0,0,0,0,0,0,0,0,0
Merksem,Aantal indicator-leerlingen basisonderwijs,0,0,0,0,0,0,0,0,0,2283
Merksem,Aantal leerlingen met thuistaal niet Nederlands,0,0,0,0,0,0,0,0,0,1186
Merksem,Aantal leerlingen met laag opgeleide moeder,0,0,0,0,0,0,0,0,0,1651
Merksem,Aantal thuisloze leerlingen,0,0,0,0,0,0,0,0,0,13
Merksem,Aantal leerlingen uit trekkende bevolking,0,0,0,0,0,0,0,0,0,161
Merksem,Aantal leerlingen met schooltoelage,0,0,0,0,0,0,0,0,0,1479
Merksem,Aantal leerlingen basisonderwijs (GOK-telling),0,0,0,0,0,0,0,0,0,4190
Hoboken,Aantal leerlingen basisonderwijs,4145,4096,4133,4146,4084,4160,4228,4430,4596,4832
Hoboken,Aandeel inwoners dat basisonderwijs volgt,12.217408,11.9920365,11.9741569,11.9619158,11.7535327,11.9327635,12.0216093,12.4613221,12.6807196,12.9603304
Hoboken,Aantal leerlingen basisonderwijs - jongens,2104,2100,2096,2112,2086,2171,2187,2288,2386,2502
Hoboken,Aantal leerlingen basisonderwijs - meisjes,2041,1996,2037,2034,1998,1989,2041,2142,2210,2330
Hoboken,Aantal leerlingen basisonderwijs - school buiten Antwerpen,218,224,241,248,224,241,231,270,292,298
Hoboken,Aantal leerlingen basisonderwijs - school binnen Antwerpen,3927,3872,3892,3898,3860,3919,3997,4160,4304,4534
Hoboken,Leerlingen basisonderwijs - percentage jongens,50.7599517,51.2695313,50.7137672,50.9406657,51.0773751,52.1875,51.7265847,51.6478555,51.9147084,51.7798013
Hoboken,Leerlingen basisonderwijs - percentage meisjes,49.2400483,48.7304688,49.2862328,49.0593343,48.9226249,47.8125,48.2734153,48.3521445,48.0852916,48.2201987
Hoboken,Leerlingen basisonderwijs - percentage school buiten Antwerpen,5.2593486,5.46875,5.8311154,5.9816691,5.4848188,5.7932692,5.4635762,6.0948081,6.3533507,6.1672185
Hoboken,Leerlingen basisonderwijs - percentage school binnen Antwerpen,94.7406514,94.53125,94.1688846,94.0183309,94.5151812,94.2067308,94.5364238,93.9051919,93.6466493,93.8327815
Hoboken,Aantal leerlingen gewoon kleuteronderwijs,1429,1403,1430,1439,1463,1529,1573,1651,1786,1888
Hoboken,Aantal leerlingen buitengewoon kleuteronderwijs,13,15,16,15,20,28,19,15,17,15
Hoboken,Aantal leerlingen kleuteronderwijs totaal,1442,1418,1446,1454,1483,1557,1592,1666,1803,1903
Hoboken,Leerlingen basisonderwijs - percentage gewoon kleuteronderwijs,34.4752714,34.2529297,34.5995645,34.7081524,35.8227228,36.7548077,37.2043519,37.268623,38.8598782,39.0728477
Hoboken,Leerlingen basisonderwijs - percentage buitengewoon kleuteronderwijs,0.3136309,0.3662109,0.387128,0.3617945,0.489716,0.6730769,0.4493851,0.3386005,0.3698869,0.3104305
Hoboken,Leerlingen basisonderwijs - percentage kleuteronderwijs totaal,34.7889023,34.6191406,34.9866925,35.0699469,36.3124388,37.4278846,37.653737,37.6072235,39.229765,39.3832781
Hoboken,Aantal leerlingen gewoon lager onderwijs,2431,2411,2418,2434,2335,2313,2364,2475,2524,2661
Hoboken,Aantal leerlingen buitengewoon lager onderwijs,272,267,269,258,266,290,272,289,269,268
Hoboken,Aantal leerlingen lager onderwijs totaal,2703,2678,2687,2692,2601,2603,2636,2764,2793,2929
Hoboken,Leerlingen basisonderwijs - percentage gewoon lager onderwijs,58.6489747,58.8623047,58.5047181,58.7071877,57.1743389,55.6009615,55.9129612,55.8690745,54.9173194,55.0703642
Hoboken,Leerlingen basisonderwijs - percentage buitengewoon lager onderwijs,6.562123,6.5185547,6.5085894,6.2228654,6.5132223,6.9711538,6.4333018,6.523702,5.8529156,5.5463576
Hoboken,Leerlingen basisonderwijs - percentage lager onderwijs totaal,65.2110977,65.3808594,65.0133075,64.9300531,63.6875612,62.5721154,62.346263,62.3927765,60.770235,60.6167219
Hoboken,Aantal leerlingen gewoon lager onderwijs zonder schoolse vertraging,1796,1786,1750,1760,1648,1651,1671,1725,1758,1865
Hoboken,Aantal leerlingen gewoon lager onderwijs met 1 jaar schoolse vertraging,525,521,547,537,553,526,531,578,583,603
Hoboken,Aantal leerlingen gewoon lager onderwijs met meer dan 1 jaar schoolse vertraging,99,91,99,107,106,103,120,127,147,151
Hoboken,Aantal leerlingen gewoon lager onderwijs met schoolse vertraging,624,612,646,644,659,629,651,705,730,754
Hoboken,Percentage leerlingen gewoon lager onderwijs zonder schoolse vertraging,74.214876,74.4787323,73.0383973,73.2113145,71.4347638,72.4122807,71.9638243,70.9876543,70.659164,71.2103856
Hoboken,Percentage leerlingen gewoon lager onderwijs met 1 jaar schoolse vertraging,21.6942149,21.7264387,22.8297162,22.3377704,23.9705245,23.0701754,22.8682171,23.7860082,23.4324759,23.024055
Hoboken,Percentage leerlingen gewoon lager onderwijs met meer dan 1 jaar schoolse vertraging,4.0909091,3.794829,4.1318865,4.4509151,4.5947117,4.5175439,5.1679587,5.2263374,5.9083601,5.7655594
Hoboken,Percentage leerlingen gewoon lager onderwijs met schoolse vertraging,25.785124,25.5212677,26.9616027,26.7886855,28.5652362,27.5877193,28.0361757,29.0123457,29.340836,28.7896144
Hoboken,Aandeel GOK-leerlingen basisonderwijs,0,0,0,0,0,0,0,0,0,0
Hoboken,Aandeel indicator-leerlingen,0,0,0,0,0,0,0,0,0,61.0463838
Hoboken,Aandeel met thuistaal niet Nederlands,0,0,0,0,0,0,0,0,0,30.4022862
Hoboken,Aandeel met laag opgeleide moeder,0,0,0,0,0,0,0,0,0,45.4825236
Hoboken,Aandeel thuisloze leerlingen,0,0,0,0,0,0,0,0,0,0.6594856
Hoboken,Aandeel leerlingen trekkende bevolking,0,0,0,0,0,0,0,0,0,1.5827654
Hoboken,Aandeel leerlingen met schooltoelage,0,0,0,0,0,0,0,0,0,41.8773357
Hoboken,Aantal GOK-leerlingen basisonderwijs,0,0,0,0,0,0,0,0,0,0
Hoboken,Aantal indicator-leerlingen basisonderwijs,0,0,0,0,0,0,0,0,0,2777
Hoboken,Aantal leerlingen met thuistaal niet Nederlands,0,0,0,0,0,0,0,0,0,1383
Hoboken,Aantal leerlingen met laag opgeleide moeder,0,0,0,0,0,0,0,0,0,2069
Hoboken,Aantal thuisloze leerlingen,0,0,0,0,0,0,0,0,0,30
Hoboken,Aantal leerlingen uit trekkende bevolking,0,0,0,0,0,0,0,0,0,72
Hoboken,Aantal leerlingen met schooltoelage,0,0,0,0,0,0,0,0,0,1905
Hoboken,Aantal leerlingen basisonderwijs (GOK-telling),0,0,0,0,0,0,0,0,0,4549
Wilrijk,Aantal leerlingen basisonderwijs,3780,3777,3731,3753,3830,3825,3761,3813,4012,4080
Wilrijk,Aandeel inwoners dat basisonderwijs volgt,9.7973148,9.8205928,9.7052779,9.7285948,9.9625429,9.9077864,9.6490328,9.7756698,10.2522168,10.2271018
Wilrijk,Aantal leerlingen basisonderwijs - jongens,1944,1937,1898,1882,1924,1947,1917,1941,2034,2066
Wilrijk,Aantal leerlingen basisonderwijs - meisjes,1836,1840,1833,1871,1906,1878,1844,1872,1978,2014
Wilrijk,Aantal leerlingen basisonderwijs - school buiten Antwerpen,421,445,430,441,435,435,420,451,495,516
Wilrijk,Aantal leerlingen basisonderwijs - school binnen Antwerpen,3359,3332,3301,3312,3395,3390,3341,3362,3517,3564
Wilrijk,Leerlingen basisonderwijs - percentage jongens,51.4285714,51.2840879,50.8710801,50.1465494,50.2349869,50.9019608,50.9704866,50.9047994,50.6979063,50.6372549
Wilrijk,Leerlingen basisonderwijs - percentage meisjes,48.5714286,48.7159121,49.1289199,49.8534506,49.7650131,49.0980392,49.0295134,49.0952006,49.3020937,49.3627451
Wilrijk,Leerlingen basisonderwijs - percentage school buiten Antwerpen,11.1375661,11.7818374,11.5250603,11.7505995,11.3577023,11.372549,11.1672428,11.827957,12.337986,12.6470588
Wilrijk,Leerlingen basisonderwijs - percentage school binnen Antwerpen,88.8624339,88.2181626,88.4749397,88.2494005,88.6422977,88.627451,88.8327572,88.172043,87.662014,87.3529412
Wilrijk,Aantal leerlingen gewoon kleuteronderwijs,1385,1364,1340,1391,1401,1422,1404,1400,1526,1602
Wilrijk,Aantal leerlingen buitengewoon kleuteronderwijs,12,12,9,11,14,16,13,10,12,8
Wilrijk,Aantal leerlingen kleuteronderwijs totaal,1397,1376,1349,1402,1415,1438,1417,1410,1538,1610
Wilrijk,Leerlingen basisonderwijs - percentage gewoon kleuteronderwijs,36.6402116,36.1133174,35.9153042,37.0636824,36.5796345,37.1764706,37.3304972,36.7164962,38.0358923,39.2647059
Wilrijk,Leerlingen basisonderwijs - percentage buitengewoon kleuteronderwijs,0.3174603,0.3177125,0.2412222,0.2930989,0.3655352,0.4183007,0.3456528,0.2622607,0.2991027,0.1960784
Wilrijk,Leerlingen basisonderwijs - percentage kleuteronderwijs totaal,36.957672,36.4310299,36.1565264,37.3567812,36.9451697,37.5947712,37.67615,36.9787569,38.334995,39.4607843
Wilrijk,Aantal leerlingen gewoon lager onderwijs,2198,2217,2204,2157,2234,2213,2182,2238,2297,2296
Wilrijk,Aantal leerlingen buitengewoon lager onderwijs,185,184,178,194,181,174,162,165,177,174
Wilrijk,Aantal leerlingen lager onderwijs totaal,2383,2401,2382,2351,2415,2387,2344,2403,2474,2470
Wilrijk,Leerlingen basisonderwijs - percentage gewoon lager onderwijs,58.1481481,58.6973789,59.0726347,57.4740208,58.3289817,57.8562092,58.016485,58.6939418,57.2532403,56.2745098
Wilrijk,Leerlingen basisonderwijs - percentage buitengewoon lager onderwijs,4.8941799,4.8715912,4.7708389,5.169198,4.7258486,4.5490196,4.3073651,4.3273013,4.4117647,4.2647059
Wilrijk,Leerlingen basisonderwijs - percentage lager onderwijs totaal,63.042328,63.5689701,63.8434736,62.6432188,63.0548303,62.4052288,62.32385,63.0212431,61.665005,60.5392157
Wilrijk,Aantal leerlingen gewoon lager onderwijs zonder schoolse vertraging,1804,1813,1822,1762,1791,1759,1743,1761,1800,1811
Wilrijk,Aantal leerlingen gewoon lager onderwijs met 1 jaar schoolse vertraging,307,303,298,314,350,355,336,358,377,369
Wilrijk,Aantal leerlingen gewoon lager onderwijs met meer dan 1 jaar schoolse vertraging,49,57,39,32,41,50,53,67,60,61
Wilrijk,Aantal leerlingen gewoon lager onderwijs met schoolse vertraging,356,360,337,346,391,405,389,425,437,430
Wilrijk,Percentage leerlingen gewoon lager onderwijs zonder schoolse vertraging,83.5185185,83.4330419,84.3909217,83.5863378,82.0806599,81.284658,81.7542214,80.558097,80.4649084,80.8121374
Wilrijk,Percentage leerlingen gewoon lager onderwijs met 1 jaar schoolse vertraging,14.212963,13.9438564,13.8026864,14.8956357,16.04033,16.4048059,15.7598499,16.3769442,16.852928,16.4658635
Wilrijk,Percentage leerlingen gewoon lager onderwijs met meer dan 1 jaar schoolse vertraging,2.2685185,2.6231017,1.8063918,1.5180266,1.8790101,2.310536,2.4859287,3.0649588,2.6821636,2.7219991
Wilrijk,Percentage leerlingen gewoon lager onderwijs met schoolse vertraging,16.4814815,16.5669581,15.6090783,16.4136622,17.9193401,18.715342,18.2457786,19.441903,19.5350916,19.1878626
Wilrijk,Aandeel GOK-leerlingen basisonderwijs,0,0,0,0,0,0,0,0,0,0
Wilrijk,Aandeel indicator-leerlingen,0,0,0,0,0,0,0,0,0,43.0477168
Wilrijk,Aandeel met thuistaal niet Nederlands,0,0,0,0,0,0,0,0,0,26.1929194
Wilrijk,Aandeel met laag opgeleide moeder,0,0,0,0,0,0,0,0,0,29.5279631
Wilrijk,Aandeel thuisloze leerlingen,0,0,0,0,0,0,0,0,0,0.3335044
Wilrijk,Aandeel leerlingen trekkende bevolking,0,0,0,0,0,0,0,0,0,1.41098
Wilrijk,Aandeel leerlingen met schooltoelage,0,0,0,0,0,0,0,0,0,29.4510005
Wilrijk,Aantal GOK-leerlingen basisonderwijs,0,0,0,0,0,0,0,0,0,0
Wilrijk,Aantal indicator-leerlingen basisonderwijs,0,0,0,0,0,0,0,0,0,1678
Wilrijk,Aantal leerlingen met thuistaal niet Nederlands,0,0,0,0,0,0,0,0,0,1021
Wilrijk,Aantal leerlingen met laag opgeleide moeder,0,0,0,0,0,0,0,0,0,1151
Wilrijk,Aantal thuisloze leerlingen,0,0,0,0,0,0,0,0,0,13
Wilrijk,Aantal leerlingen uit trekkende bevolking,0,0,0,0,0,0,0,0,0,55
Wilrijk,Aantal leerlingen met schooltoelage,0,0,0,0,0,0,0,0,0,1148
Wilrijk,Aantal leerlingen basisonderwijs (GOK-telling),0,0,0,0,0,0,0,0,0,3898
Berchem,Aantal leerlingen basisonderwijs,3857,3842,3797,3816,3702,3792,3915,4188,4274,4303
Berchem,Aandeel inwoners dat basisonderwijs volgt,9.6117424,9.5278246,9.4586852,9.4967896,9.1393868,9.2927511,9.4551514,10.0586031,10.2234129,10.0983314
Berchem,Aantal leerlingen basisonderwijs - jongens,2048,2022,1984,1996,1941,1932,2031,2175,2184,2201
Berchem,Aantal leerlingen basisonderwijs - meisjes,1809,1820,1813,1820,1761,1860,1884,2013,2090,2102
Berchem,Aantal leerlingen basisonderwijs - school buiten Antwerpen,217,238,242,247,247,255,235,295,281,300
Berchem,Aantal leerlingen basisonderwijs - school binnen Antwerpen,3640,3604,3555,3569,3455,3537,3680,3893,3993,4003
Berchem,Leerlingen basisonderwijs - percentage jongens,53.0982629,52.6288391,52.2517777,52.3060797,52.4311183,50.9493671,51.8773946,51.9340974,51.0996724,51.1503602
Berchem,Leerlingen basisonderwijs - percentage meisjes,46.9017371,47.3711609,47.7482223,47.6939203,47.5688817,49.0506329,48.1226054,48.0659026,48.9003276,48.8496398
Berchem,Leerlingen basisonderwijs - percentage school buiten Antwerpen,5.6261343,6.1946903,6.3734527,6.4727463,6.6720692,6.7246835,6.0025543,7.0439351,6.5746373,6.9718801
Berchem,Leerlingen basisonderwijs - percentage school binnen Antwerpen,94.3738657,93.8053097,93.6265473,93.5272537,93.3279308,93.2753165,93.9974457,92.9560649,93.4253627,93.0281199
Berchem,Aantal leerlingen gewoon kleuteronderwijs,1417,1439,1402,1444,1449,1529,1578,1731,1778,1759
Berchem,Aantal leerlingen buitengewoon kleuteronderwijs,10,12,8,12,10,11,15,13,17,18
Berchem,Aantal leerlingen kleuteronderwijs totaal,1427,1451,1410,1456,1459,1540,1593,1744,1795,1777
Berchem,Leerlingen basisonderwijs - percentage gewoon kleuteronderwijs,36.7383977,37.4544508,36.9238873,37.8406709,39.1410049,40.32173,40.3065134,41.3323782,41.6003744,40.8784569
Berchem,Leerlingen basisonderwijs - percentage buitengewoon kleuteronderwijs,0.2592689,0.3123373,0.2106927,0.3144654,0.2701243,0.2900844,0.3831418,0.3104107,0.3977539,0.4183128
Berchem,Leerlingen basisonderwijs - percentage kleuteronderwijs totaal,36.9976666,37.7667881,37.1345799,38.1551363,39.4111291,40.6118143,40.6896552,41.6427889,41.9981282,41.2967697
Berchem,Aantal leerlingen gewoon lager onderwijs,2255,2218,2215,2183,2087,2090,2156,2273,2313,2350
Berchem,Aantal leerlingen buitengewoon lager onderwijs,175,173,172,177,156,162,166,171,166,176
Berchem,Aantal leerlingen lager onderwijs totaal,2430,2391,2387,2360,2243,2252,2322,2444,2479,2526
Berchem,Leerlingen basisonderwijs - percentage gewoon lager onderwijs,58.4651283,57.7303488,58.335528,57.206499,56.3749325,55.1160338,55.0702427,54.2741165,54.1179223,54.6130607
Berchem,Leerlingen basisonderwijs - percentage buitengewoon lager onderwijs,4.5372051,4.5028631,4.529892,4.6383648,4.2139384,4.2721519,4.2401022,4.0830946,3.8839495,4.0901696
Berchem,Leerlingen basisonderwijs - percentage lager onderwijs totaal,63.0023334,62.2332119,62.8654201,61.8448637,60.5888709,59.3881857,59.3103448,58.3572111,58.0018718,58.7032303
Berchem,Aantal leerlingen gewoon lager onderwijs zonder schoolse vertraging,1648,1612,1645,1646,1574,1552,1597,1669,1660,1711
Berchem,Aantal leerlingen gewoon lager onderwijs met 1 jaar schoolse vertraging,431,433,414,386,359,362,371,404,441,419
Berchem,Aantal leerlingen gewoon lager onderwijs met meer dan 1 jaar schoolse vertraging,77,76,62,53,54,62,55,64,80,66
Berchem,Aantal leerlingen gewoon lager onderwijs met schoolse vertraging,508,509,476,439,413,424,426,468,521,485
Berchem,Percentage leerlingen gewoon lager onderwijs zonder schoolse vertraging,76.4378479,76.0018859,77.5577558,78.9448441,79.2148968,78.5425101,78.9421651,78.1001404,76.1118753,77.9143898
Berchem,Percentage leerlingen gewoon lager onderwijs met 1 jaar schoolse vertraging,19.9907236,20.4148986,19.5190948,18.5131894,18.0674383,18.3198381,18.3391003,18.905007,20.2200825,19.0801457
Berchem,Percentage leerlingen gewoon lager onderwijs met meer dan 1 jaar schoolse vertraging,3.5714286,3.5832155,2.9231495,2.5419664,2.7176648,3.1376518,2.7187346,2.9948526,3.6680422,3.0054645
Berchem,Percentage leerlingen gewoon lager onderwijs met schoolse vertraging,23.5621521,23.9981141,22.4422442,21.0551559,20.7851032,21.4574899,21.0578349,21.8998596,23.8881247,22.0856102
Berchem,Aandeel GOK-leerlingen basisonderwijs,0,0,0,0,0,0,0,0,0,0
Berchem,Aandeel indicator-leerlingen,0,0,0,0,0,0,0,0,0,44.8527622
Berchem,Aandeel met thuistaal niet Nederlands,0,0,0,0,0,0,0,0,0,34.241908
Berchem,Aandeel met laag opgeleide moeder,0,0,0,0,0,0,0,0,0,32.1002677
Berchem,Aandeel thuisloze leerlingen,0,0,0,0,0,0,0,0,0,0.7057678
Berchem,Aandeel leerlingen trekkende bevolking,0,0,0,0,0,0,0,0,0,0.413726
Berchem,Aandeel leerlingen met schooltoelage,0,0,0,0,0,0,0,0,0,30.9077634
Berchem,Aantal GOK-leerlingen basisonderwijs,0,0,0,0,0,0,0,0,0,0
Berchem,Aantal indicator-leerlingen basisonderwijs,0,0,0,0,0,0,0,0,0,1843
Berchem,Aantal leerlingen met thuistaal niet Nederlands,0,0,0,0,0,0,0,0,0,1407
Berchem,Aantal leerlingen met laag opgeleide moeder,0,0,0,0,0,0,0,0,0,1319
Berchem,Aantal thuisloze leerlingen,0,0,0,0,0,0,0,0,0,29
Berchem,Aantal leerlingen uit trekkende bevolking,0,0,0,0,0,0,0,0,0,17
Berchem,Aantal leerlingen met schooltoelage,0,0,0,0,0,0,0,0,0,1270
Berchem,Aantal leerlingen basisonderwijs (GOK-telling),0,0,0,0,0,0,0,0,0,4109
Borgerhout,Aantal leerlingen basisonderwijs,5284,5379,5347,5468,5569,5836,5806,6018,6238,6454
Borgerhout,Aandeel inwoners dat basisonderwijs volgt,12.7543508,12.8983526,12.7233789,12.9148067,13.0736906,13.5616852,13.3933103,13.947344,14.1515426,14.1628264
Borgerhout,Aantal leerlingen basisonderwijs - jongens,2588,2631,2638,2764,2871,3031,2963,3084,3208,3309
Borgerhout,Aantal leerlingen basisonderwijs - meisjes,2696,2748,2709,2704,2698,2805,2843,2934,3030,3145
Borgerhout,Aantal leerlingen basisonderwijs - school buiten Antwerpen,197,195,182,189,188,186,178,215,206,198
Borgerhout,Aantal leerlingen basisonderwijs - school binnen Antwerpen,5087,5184,5165,5279,5381,5650,5628,5803,6032,6256
Borgerhout,Leerlingen basisonderwijs - percentage jongens,48.9780469,48.9124373,49.3360763,50.5486467,51.5532412,51.9362577,51.0334137,51.2462612,51.4267393,51.2705299
Borgerhout,Leerlingen basisonderwijs - percentage meisjes,51.0219531,51.0875627,50.6639237,49.4513533,48.4467588,48.0637423,48.9665863,48.7537388,48.5732607,48.7294701
Borgerhout,Leerlingen basisonderwijs - percentage school buiten Antwerpen,3.7282362,3.6252091,3.4037778,3.456474,3.3758305,3.1871145,3.065794,3.5726155,3.3023405,3.0678649
Borgerhout,Leerlingen basisonderwijs - percentage school binnen Antwerpen,96.2717638,96.3747909,96.5962222,96.543526,96.6241695,96.8128855,96.934206,96.4273845,96.6976595,96.9321351
Borgerhout,Aantal leerlingen gewoon kleuteronderwijs,1993,2043,2084,2146,2179,2332,2359,2509,2590,2667
Borgerhout,Aantal leerlingen buitengewoon kleuteronderwijs,16,18,19,22,29,35,27,25,24,21
Borgerhout,Aantal leerlingen kleuteronderwijs totaal,2009,2061,2103,2168,2208,2367,2386,2534,2614,2688
Borgerhout,Leerlingen basisonderwijs - percentage gewoon kleuteronderwijs,37.7176382,37.9810374,38.9751262,39.2465252,39.1273119,39.9588759,40.6303824,41.6915919,41.5197179,41.3232104
Borgerhout,Leerlingen basisonderwijs - percentage buitengewoon kleuteronderwijs,0.3028009,0.3346347,0.3553394,0.4023409,0.5207398,0.5997258,0.4650362,0.4154204,0.3847387,0.3253796
Borgerhout,Leerlingen basisonderwijs - percentage kleuteronderwijs totaal,38.0204391,38.3156721,39.3304657,39.6488661,39.6480517,40.5586018,41.0954185,42.1070123,41.9044566,41.64859
Borgerhout,Aantal leerlingen gewoon lager onderwijs,2985,3033,2978,3035,3074,3206,3164,3228,3370,3527
Borgerhout,Aantal leerlingen buitengewoon lager onderwijs,290,285,266,265,287,263,256,256,254,239
Borgerhout,Aantal leerlingen lager onderwijs totaal,3275,3318,3244,3300,3361,3469,3420,3484,3624,3766
Borgerhout,Leerlingen basisonderwijs - percentage gewoon lager onderwijs,56.4912945,56.3859453,55.6947821,55.5047549,55.1984198,54.9348869,54.4953496,53.6390828,54.0237256,54.6482801
Borgerhout,Leerlingen basisonderwijs - percentage buitengewoon lager onderwijs,5.4882665,5.2983826,4.9747522,4.8463789,5.1535285,4.5065113,4.4092318,4.253905,4.0718179,3.7031298
Borgerhout,Leerlingen basisonderwijs - percentage lager onderwijs totaal,61.9795609,61.6843279,60.6695343,60.3511339,60.3519483,59.4413982,58.9045815,57.8929877,58.0955434,58.35141
Borgerhout,Aantal leerlingen gewoon lager onderwijs zonder schoolse vertraging,1829,1879,1851,1858,1903,1967,1940,2006,2129,2298
Borgerhout,Aantal leerlingen gewoon lager onderwijs met 1 jaar schoolse vertraging,852,832,803,825,803,865,862,842,898,891
Borgerhout,Aantal leerlingen gewoon lager onderwijs met meer dan 1 jaar schoolse vertraging,239,241,231,251,260,263,263,250,245,210
Borgerhout,Aantal leerlingen gewoon lager onderwijs met schoolse vertraging,1091,1073,1034,1076,1063,1128,1125,1092,1143,1101
Borgerhout,Percentage leerlingen gewoon lager onderwijs zonder schoolse vertraging,62.6369863,63.6517615,64.1594454,63.3265167,64.1604855,63.5541195,63.2952692,64.7514526,65.0672372,67.60812
Borgerhout,Percentage leerlingen gewoon lager onderwijs met 1 jaar schoolse vertraging,29.1780822,28.1842818,27.8336222,28.1186094,27.0734997,27.9483037,28.1239804,27.178825,27.4449878,26.2135922
Borgerhout,Percentage leerlingen gewoon lager onderwijs met meer dan 1 jaar schoolse vertraging,8.1849315,8.1639566,8.0069324,8.5548739,8.7660148,8.4975767,8.5807504,8.0697224,7.4877751,6.1782877
Borgerhout,Percentage leerlingen gewoon lager onderwijs met schoolse vertraging,37.3630137,36.3482385,35.8405546,36.6734833,35.8395145,36.4458805,36.7047308,35.2485474,34.9327628,32.39188
Borgerhout,Aandeel GOK-leerlingen basisonderwijs,0,0,0,0,0,0,0,0,0,0
Borgerhout,Aandeel indicator-leerlingen,0,0,0,0,0,0,0,0,0,71.504682
Borgerhout,Aandeel met thuistaal niet Nederlands,0,0,0,0,0,0,0,0,0,47.6105909
Borgerhout,Aandeel met laag opgeleide moeder,0,0,0,0,0,0,0,0,0,55.634485
Borgerhout,Aandeel thuisloze leerlingen,0,0,0,0,0,0,0,0,0,0.3228931
Borgerhout,Aandeel leerlingen trekkende bevolking,0,0,0,0,0,0,0,0,0,0.2906038
Borgerhout,Aandeel leerlingen met schooltoelage,0,0,0,0,0,0,0,0,0,55.4407491
Borgerhout,Aantal GOK-leerlingen basisonderwijs,0,0,0,0,0,0,0,0,0,0
Borgerhout,Aantal indicator-leerlingen basisonderwijs,0,0,0,0,0,0,0,0,0,4429
Borgerhout,Aantal leerlingen met thuistaal niet Nederlands,0,0,0,0,0,0,0,0,0,2949
Borgerhout,Aantal leerlingen met laag opgeleide moeder,0,0,0,0,0,0,0,0,0,3446
Borgerhout,Aantal thuisloze leerlingen,0,0,0,0,0,0,0,0,0,20
Borgerhout,Aantal leerlingen uit trekkende bevolking,0,0,0,0,0,0,0,0,0,18
Borgerhout,Aantal leerlingen met schooltoelage,0,0,0,0,0,0,0,0,0,3434
Borgerhout,Aantal leerlingen basisonderwijs (GOK-telling),0,0,0,0,0,0,0,0,0,6194
Deurne,Aantal leerlingen basisonderwijs,7192,7233,7106,7073,7177,7398,7610,7992,8422,8780
Deurne,Aandeel inwoners dat basisonderwijs volgt,10.3360064,10.3529715,10.1653696,10.1001014,10.1970646,10.4031612,10.5969671,10.9972067,11.4184224,11.6874992
Deurne,Aantal leerlingen basisonderwijs - jongens,3724,3729,3689,3660,3750,3802,3963,4105,4303,4529
Deurne,Aantal leerlingen basisonderwijs - meisjes,3468,3504,3417,3413,3427,3596,3647,3887,4119,4251
Deurne,Aantal leerlingen basisonderwijs - school buiten Antwerpen,531,552,520,558,563,606,597,712,784,876
Deurne,Aantal leerlingen basisonderwijs - school binnen Antwerpen,6661,6681,6586,6515,6614,6792,7013,7280,7638,7904
Deurne,Leerlingen basisonderwijs - percentage jongens,51.7797553,51.5553712,51.9138756,51.7460766,52.2502438,51.3922682,52.0762155,51.3638639,51.0923771,51.5831435
Deurne,Leerlingen basisonderwijs - percentage meisjes,48.2202447,48.4446288,48.0861244,48.2539234,47.7497562,48.6077318,47.9237845,48.6361361,48.9076229,48.4168565
Deurne,Leerlingen basisonderwijs - percentage school buiten Antwerpen,7.3832036,7.6316881,7.3177596,7.8891559,7.8445033,8.1914031,7.8449409,8.9089089,9.3089527,9.977221
Deurne,Leerlingen basisonderwijs - percentage school binnen Antwerpen,92.6167964,92.3683119,92.6822404,92.1108441,92.1554967,91.8085969,92.1550591,91.0910911,90.6910473,90.022779
Deurne,Aantal leerlingen gewoon kleuteronderwijs,2582,2601,2617,2644,2797,2913,3084,3312,3521,3690
Deurne,Aantal leerlingen buitengewoon kleuteronderwijs,29,26,32,26,23,25,30,34,42,40
Deurne,Aantal leerlingen kleuteronderwijs totaal,2611,2627,2649,2670,2820,2938,3114,3346,3563,3730
Deurne,Leerlingen basisonderwijs - percentage gewoon kleuteronderwijs,35.9010011,35.9601825,36.8280326,37.381592,38.9717152,39.3755069,40.5256242,41.4414414,41.8071717,42.0273349
Deurne,Leerlingen basisonderwijs - percentage buitengewoon kleuteronderwijs,0.4032258,0.3594636,0.4503237,0.3675951,0.3204682,0.3379292,0.3942181,0.4254254,0.4986939,0.4555809
Deurne,Leerlingen basisonderwijs - percentage kleuteronderwijs totaal,36.3042269,36.3196461,37.2783563,37.749187,39.2921834,39.7134361,40.9198423,41.8668669,42.3058656,42.4829157
Deurne,Aantal leerlingen gewoon lager onderwijs,4189,4204,4086,4021,3990,4082,4131,4256,4464,4637
Deurne,Aantal leerlingen buitengewoon lager onderwijs,392,402,371,382,367,378,365,390,395,413
Deurne,Aantal leerlingen lager onderwijs totaal,4581,4606,4457,4403,4357,4460,4496,4646,4859,5050
Deurne,Leerlingen basisonderwijs - percentage gewoon lager onderwijs,58.2452725,58.1224941,57.5007036,56.8499929,55.5942594,55.1770749,54.2838371,53.2532533,53.004037,52.8132118
Deurne,Leerlingen basisonderwijs - percentage buitengewoon lager onderwijs,5.4505006,5.5578598,5.2209401,5.40082,5.1135572,5.1094891,4.7963206,4.8798799,4.6900974,4.7038724
Deurne,Leerlingen basisonderwijs - percentage lager onderwijs totaal,63.6957731,63.6803539,62.7216437,62.250813,60.7078166,60.2865639,59.0801577,58.1331331,57.6941344,57.5170843
Deurne,Aantal leerlingen gewoon lager onderwijs zonder schoolse vertraging,2927,2985,2877,2862,2853,2907,2928,2972,3182,3333
Deurne,Aantal leerlingen gewoon lager onderwijs met 1 jaar schoolse vertraging,943,925,947,904,879,909,932,934,962,1029
Deurne,Aantal leerlingen gewoon lager onderwijs met meer dan 1 jaar schoolse vertraging,260,241,213,197,199,211,213,230,207,193
Deurne,Aantal leerlingen gewoon lager onderwijs met schoolse vertraging,1203,1166,1160,1101,1078,1120,1145,1164,1169,1222
Deurne,Percentage leerlingen gewoon lager onderwijs zonder schoolse vertraging,70.8716707,71.910383,71.2657914,72.2180167,72.5769524,72.1877328,71.8880432,71.8568665,73.1326132,73.1723381
Deurne,Percentage leerlingen gewoon lager onderwijs met 1 jaar schoolse vertraging,22.8329298,22.283787,23.4580134,22.8110018,22.3607225,22.5726347,22.8823963,22.582205,22.1098598,22.5905598
Deurne,Percentage leerlingen gewoon lager onderwijs met meer dan 1 jaar schoolse vertraging,6.2953995,5.8058299,5.2761952,4.9709816,5.0623251,5.2396325,5.2295605,5.5609284,4.757527,4.2371021
Deurne,Percentage leerlingen gewoon lager onderwijs met schoolse vertraging,29.1283293,28.089617,28.7342086,27.7819833,27.4230476,27.8122672,28.1119568,28.1431335,26.8673868,26.8276619
Deurne,Aandeel GOK-leerlingen basisonderwijs,0,0,0,0,0,0,0,0,0,0
Deurne,Aandeel indicator-leerlingen,0,0,0,0,0,0,0,0,0,61.2825748
Deurne,Aandeel met thuistaal niet Nederlands,0,0,0,0,0,0,0,0,0,36.6038189
Deurne,Aandeel met laag opgeleide moeder,0,0,0,0,0,0,0,0,0,44.5298427
Deurne,Aandeel thuisloze leerlingen,0,0,0,0,0,0,0,0,0,0.3002282
Deurne,Aandeel leerlingen trekkende bevolking,0,0,0,0,0,0,0,0,0,2.2577159
Deurne,Aandeel leerlingen met schooltoelage,0,0,0,0,0,0,0,0,0,42.0799808
Deurne,Aantal GOK-leerlingen basisonderwijs,0,0,0,0,0,0,0,0,0,0
Deurne,Aantal indicator-leerlingen basisonderwijs,0,0,0,0,0,0,0,0,0,5103
Deurne,Aantal leerlingen met thuistaal niet Nederlands,0,0,0,0,0,0,0,0,0,3048
Deurne,Aantal leerlingen met laag opgeleide moeder,0,0,0,0,0,0,0,0,0,3708
Deurne,Aantal thuisloze leerlingen,0,0,0,0,0,0,0,0,0,25
Deurne,Aantal leerlingen uit trekkende bevolking,0,0,0,0,0,0,0,0,0,188
Deurne,Aantal leerlingen met schooltoelage,0,0,0,0,0,0,0,0,0,3504
Deurne,Aantal leerlingen basisonderwijs (GOK-telling),0,0,0,0,0,0,0,0,0,8327